<?xml version="1.0" encoding="UTF-8" ?>
<!DOCTYPE generatorConfiguration PUBLIC "-//mybatis.org//DTD MyBatis Generator Configuration 1.0//EN" "http://mybatis.org/dtd/mybatis-generator-config_1_0.dtd" >
<generatorConfiguration>
	<classPathEntry
		location="C:/Users/Administrator/Downloads/myibatis_10586/mysql-connector-5.1.25-bin.jar" />
	<context id="context1">
		<commentGenerator>
			<property name="suppressDate" value="true" />
		</commentGenerator>
		<jdbcConnection driverClass="com.mysql.jdbc.Driver"
			connectionURL="jdbc:mysql://localhost:3306/test_web"
			userId="root" password="root">
		</jdbcConnection>
		<javaTypeResolver>
			<property name="forceBigDecimals" value="false" />
		</javaTypeResolver>
		 <!--生成Model类存放位置-->
		<javaModelGenerator targetPackage="com.sql.sqlmap.model"
			targetProject="D:\Workspaces_yy_v_1_4_1\TestDB2sqlmap\src" />
		<!--生成映射文件存放位置-->
		<sqlMapGenerator targetPackage="com.sql.sqlmap.mapper"
			targetProject="D:\Workspaces_yy_v_1_4_1\TestDB2sqlmap\src" />
		<!--生成Dao类存放位置-->
		<javaClientGenerator targetPackage="com.sql.sqlmap.mapper"
			targetProject="D:\Workspaces_yy_v_1_4_1\TestDB2sqlmap\src" type="XMLMAPPER">
			<property name="enableSubPackages" value="true" />
		</javaClientGenerator>
	
		 <!--生成对应表及类名-->
		 <!-- 其中tableName是必填的，domainObjectName默认是tableName首字母大写。
		 enableCountByExample、enableUpdateByExample、enableDeleteByExample 、enableSelectByExample、selectByExampleQueryId
		 默认为true,生成对应sqlMap中的方法-->
		 <table tableName="user" domainObjectName="User" enableCountByExample="true" enableUpdateByExample="true" enableDeleteByExample="true" enableSelectByExample="true" selectByExampleQueryId="true"></table>
		<table tableName="message" domainObjectName="Messgae" enableCountByExample="true" enableUpdateByExample="true" enableDeleteByExample="true" enableSelectByExample="true" selectByExampleQueryId="true"></table>
		<table tableName="info" domainObjectName="Info" enableCountByExample="true" enableUpdateByExample="true" enableDeleteByExample="true" enableSelectByExample="true" selectByExampleQueryId="true"></table>
</context>
</generatorConfiguration>